SourceIPaddress,DestinationIPaddress,Ping,PacketSize(Bytes),Average_Delay(secs),Delay(Std.Dev.)(secs),Average_Jitter(secs),Bytes_Received,Average_BitRate(Kbit/s),Average_PacketRate(pkt/s)
10.100.200.2,10.100.100.2,Transit,512,0.001737,0.001967,0.001218,674816,360.167094,87.931419
10.100.200.2,192.168.3.10,Neighbouring,512,0.001172,0.002156,0.000945,662016,353.113242,86.209288
10.100.200.2,192.168.4.10,Neighbouring,512,0.001745,0.002093,0.001096,671744,358.429467,87.507194
10.100.200.2,10.0.10.22,Neighbouring,512,0.001457,0.003101,0.00104,668672,356.797447,87.108752
10.100.200.2,10.0.10.23,Neighbouring,512,0.001192,0.001711,0.000849,664064,354.329112,86.506131
10.100.200.2,10.0.10.101,Neighbouring,512,0.001778,0.002093,0.001061,672768,358.978871,87.641326
10.100.200.2,10.100.100.2,Transit,512,0.000854,0.001449,0.000323,4217344,2249.658071,549.232928
10.100.200.2,192.168.3.10,Neighbouring,512,0.000694,0.0009,0.000265,4082688,2177.787999,531.686523
10.100.200.2,192.168.4.10,Neighbouring,512,0.001039,0.001196,0.000369,4739584,2528.121115,617.217069
10.100.200.2,10.0.10.22,Neighbouring,512,0.000861,0.001367,0.000328,4146688,2211.711137,539.968539
10.100.200.2,10.0.10.23,Neighbouring,512,0.000669,0.000634,0.000231,4111872,2193.262469,535.46447
10.100.200.2,10.0.10.101,Neighbouring,512,0.001019,0.001191,0.000347,4679680,2496.103738,609.400327
10.100.200.2,10.100.100.2,Transit,512,0.000683,0.000591,9.60E-05,12626432,6734.327381,1644.122896
10.100.200.2,192.168.3.10,Neighbouring,512,0.000521,0.000441,6.50E-05,16078848,8576.3553,2093.836743
10.100.200.2,192.168.4.10,Neighbouring,512,0.000795,0.000602,0.000108,10740224,5728.597614,1398.583402
10.100.200.2,10.0.10.22,Neighbouring,512,0.000683,0.001179,0.000104,12624384,6735.575994,1644.427733
10.100.200.2,10.0.10.23,Neighbouring,512,0.000558,0.000623,8.30E-05,15709696,8381.11553,2046.170784
10.100.200.2,10.0.10.101,Neighbouring,512,0.000886,0.004259,0.000204,9896960,5273.185282,1287.398751
10.100.200.2,10.100.100.2,Transit,1024,0.00153,0.001727,0.000998,1344512,716.974984,87.52136
10.100.200.2,192.168.3.10,Neighbouring,1024,0.001221,0.001426,0.000867,1343488,716.929418,87.515798
10.100.200.2,192.168.4.10,Neighbouring,1024,0.001956,0.003087,0.001325,1305600,696.512655,85.023518
10.100.200.2,10.0.10.22,Neighbouring,1024,0.001592,0.001893,0.001132,1347584,719.008465,87.769588
10.100.200.2,10.0.10.23,Neighbouring,1024,0.001148,0.001767,0.000763,1306624,697.025845,85.086163
10.100.200.2,10.0.10.101,Neighbouring,1024,0.001845,0.002093,0.001196,1331200,709.910341,86.658977
10.100.200.2,10.100.100.2,Transit,1024,0.000833,0.001103,0.000306,8771584,4678.38523,571.091947
10.100.200.2,192.168.3.10,Neighbouring,1024,0.000601,0.000789,0.000182,8551424,4560.80325,556.738678
10.100.200.2,192.168.4.10,Neighbouring,1024,0.001022,0.001209,0.000362,9165824,4888.656849,596.759869
10.100.200.2,10.0.10.22,Neighbouring,1024,0.000801,0.000898,0.000256,8332288,4444.260548,542.512274
10.100.200.2,10.0.10.23,Neighbouring,1024,0.000657,0.000803,0.000235,8360960,4461.033862,544.559798
10.100.200.2,10.0.10.101,Neighbouring,1024,0.001039,0.001011,0.000365,9337856,4980.794535,608.007145
10.100.200.2,10.100.100.2,Transit,1024,0.00068,0.000634,9.00E-05,25545728,13626.50583,1663.391824
10.100.200.2,192.168.3.10,Neighbouring,1024,0.000531,0.000533,7.20E-05,31748096,16933.80014,2067.114275
10.100.200.2,192.168.4.10,Neighbouring,1024,0.000802,0.000717,0.000115,21272576,11345.79593,1384.984855
10.100.200.2,10.0.10.22,Neighbouring,1024,0.000678,0.000805,9.40E-05,25556992,13630.94188,1663.933335
10.100.200.2,10.0.10.23,Neighbouring,1024,0.000542,0.000569,7.70E-05,31451136,16775.95567,2047.846151
10.100.200.2,10.0.10.101,Neighbouring,1024,0.000814,0.000777,0.000112,21277696,11352.52293,1385.806022
192.168.3.10,10.100.100.2,Neighbouring,512,0.001559,0.002236,0.00119,669184,357.077005,87.177003
192.168.3.10,10.100.200.2,Neighbouring,512,0.001166,0.001803,0.000844,664576,354.734845,86.605187
192.168.3.10,192.168.4.10,Within,512,0.001075,0.001212,0.000721,674816,360.122358,87.920497
192.168.3.10,10.0.10.22,Within,512,0.000823,0.001461,0.000671,657408,351.031818,85.701127
192.168.3.10,10.0.10.23,Within,512,0.000664,0.00099,0.000565,674304,359.855653,87.855384
192.168.3.10,10.0.10.101,Within,512,0.001008,0.001102,0.000699,680448,363.087725,88.644464
192.168.3.10,10.100.100.2,Neighbouring,512,0.00085,0.001231,0.00031,4152832,2215.626884,540.924532
192.168.3.10,10.100.200.2,Neighbouring,512,0.000689,0.000895,0.000261,4038656,2154.608602,526.027491
192.168.3.10,192.168.4.10,Within,512,0.001747,0.003774,0.001342,3256832,1737.098895,424.09641
192.168.3.10,10.0.10.22,Within,512,0.001132,0.00273,0.000904,3564032,1900.233948,463.924304
192.168.3.10,10.0.10.23,Within,512,0.000719,0.001751,0.000646,3706368,1976.618382,482.572847
192.168.3.10,10.0.10.101,Within,512,0.001176,0.002519,0.000705,3751936,1996.281251,487.373352
192.168.3.10,10.100.100.2,Neighbouring,512,0.00069,0.000748,9.70E-05,12684800,6767.640458,1652.255971
192.168.3.10,10.100.200.2,Neighbouring,512,0.000529,0.000642,7.30E-05,15796736,8425.10167,2056.909588
192.168.3.10,192.168.4.10,Within,512,0.000526,0.000552,7.10E-05,16092672,8583.495436,2095.57994
192.168.3.10,10.0.10.22,Within,512,0.000467,0.004892,0.000138,18022400,9612.686844,2346.847374
192.168.3.10,10.0.10.23,Within,512,0.000314,0.00049,7.60E-05,12938752,6901.256641,1684.87711
192.168.3.10,10.0.10.101,Within,512,0.000559,0.000481,8.10E-05,15866880,8462.847156,2066.124794
192.168.3.10,10.100.100.2,Neighbouring,1024,0.001348,0.001653,0.000872,1328128,708.99321,86.547023
192.168.3.10,10.100.200.2,Neighbouring,1024,0.001274,0.002175,0.001048,1336320,712.934943,87.028191
192.168.3.10,192.168.4.10,Within,1024,0.001039,0.001329,0.000743,1353728,721.971613,88.1313
192.168.3.10,10.0.10.22,Within,1024,0.000949,0.002213,0.000863,1310720,699.366127,85.371842
192.168.3.10,10.0.10.23,Within,1024,0.000641,0.00125,0.000575,1331200,710.215801,86.696265
192.168.3.10,10.0.10.101,Within,1024,0.001294,0.003324,0.001136,1287168,686.99752,83.862002
192.168.3.10,10.100.100.2,Neighbouring,1024,0.000875,0.001477,0.000333,8396800,4479.904904,546.863392
192.168.3.10,10.100.200.2,Neighbouring,1024,0.000661,0.000674,0.000242,8169472,4359.026082,532.107676
192.168.3.10,192.168.4.10,Within,1024,0.000649,0.00077,0.00023,8140800,4341.832943,530.008904
192.168.3.10,10.0.10.22,Within,1024,0.000532,0.00078,0.000236,8224768,4388.597089,535.717418
192.168.3.10,10.0.10.23,Within,1024,0.000443,0.000933,0.00029,8506368,4537.040841,553.837993
192.168.3.10,10.0.10.101,Within,1024,0.000673,0.00069,0.000249,8286208,4419.613235,539.503569
192.168.3.10,10.100.100.2,Neighbouring,1024,0.000659,0.000408,8.10E-05,25841664,13783.23617,1682.523946
192.168.3.10,10.100.200.2,Neighbouring,1024,0.000545,0.000491,8.10E-05,31519744,16812.3851,2052.293103
192.168.3.10,192.168.4.10,Within,1024,0.000492,0.000709,6.10E-05,32552960,17364.69274,2119.713469
192.168.3.10,10.0.10.22,Within,1024,0.0004,0.000396,5.50E-05,37574656,20048.61654,2447.340886
192.168.3.10,10.0.10.23,Within,1024,0.000308,0.000569,6.90E-05,26651648,14214.44633,1735.161906
192.168.3.10,10.0.10.101,Within,1024,0.000539,0.00048,7.80E-05,31693824,16904.55499,2063.544311
192.168.3.10,192.168.1.22,Within,512,0.001228,0.002446,0.000936,664064,354.283932,86.4951
192.168.3.10,192.168.1.23,Within,512,0.001011,0.001861,0.00081,663040,353.63265,86.336096
192.168.3.10,192.168.1.101,Within,512,0.000893,0.001153,0.000706,686080,366.053827,89.36861
192.168.3.10,192.168.1.22,Within,512,0.000682,0.000817,0.000268,4096000,2185.021904,533.452613
192.168.3.10,192.168.1.23,Within,512,0.000467,0.000495,0.000155,4483584,2391.509939,583.864731
192.168.3.10,192.168.1.101,Within,512,0.000591,0.000858,0.000283,4024832,2147.541599,524.302148
192.168.3.10,192.168.1.22,Within,512,0.000525,0.000459,6.80E-05,16156160,8619.471712,2104.363211
192.168.3.10,192.168.1.23,Within,512,0.00037,0.000309,3.60E-05,18661888,9953.435595,2430.037987
192.168.3.10,192.168.1.101,Within,512,0.00041,0.000548,6.00E-05,19075584,10174.48725,2484.005676
192.168.3.10,192.168.1.22,Within,1024,0.001154,0.001244,0.000843,1347584,719.091339,87.779704
192.168.3.10,192.168.1.23,Within,1024,0.000825,0.001658,0.000693,1352704,721.440787,88.066502
192.168.3.10,192.168.1.101,Within,1024,0.000786,0.001446,0.000601,1346560,718.908829,87.757425
192.168.3.10,192.168.1.22,Within,1024,0.00064,0.000703,0.000203,8374272,4467.925575,545.401071
192.168.3.10,192.168.1.23,Within,1024,0.000475,0.000492,0.000156,9135104,4874.023597,594.973584
192.168.3.10,192.168.1.101,Within,1024,0.000576,0.000932,0.000281,8210432,4379.031065,534.549691
192.168.3.10,192.168.1.22,Within,1024,0.000521,0.000353,6.00E-05,32728064,17461.23489,2131.498399
192.168.3.10,192.168.1.23,Within,1024,0.000363,0.000298,3.60E-05,37004288,19735.94131,2409.172523
192.168.3.10,192.168.1.101,Within,1024,0.000378,0.000187,4.20E-05,38092800,20317.35602,2480.145998
192.168.4.10,10.100.100.2,Neighbouring,512,0.002395,0.002441,0.001668,664576,354.513161,86.551065
192.168.4.10,10.100.200.2,Neighbouring,512,0.002245,0.002655,0.001415,657920,350.815732,85.648372
192.168.4.10,192.168.3.10,Within,512,0.001833,0.002569,0.001452,649728,346.839004,84.677491
192.168.4.10,10.0.10.22,Within,512,0.001542,0.001976,0.00131,667136,355.857727,86.879328
192.168.4.10,10.0.10.23,Within,512,0.001868,0.002481,0.001535,661504,352.813729,86.136164
192.168.4.10,10.0.10.101,Within,512,0.000871,0.001487,0.000824,663040,353.925709,86.407644
192.168.4.10,10.100.100.2,Neighbouring,512,0.000967,0.001247,0.000381,4236288,2259.53361,551.643948
192.168.4.10,10.100.200.2,Neighbouring,512,0.001218,0.00163,0.000528,4443648,2370.145008,578.648684
192.168.4.10,192.168.3.10,Within,512,0.000834,0.001082,0.000393,4124160,2199.652011,537.024417
192.168.4.10,10.0.10.22,Within,512,0.00066,0.001122,0.000343,4150784,2213.917215,540.507133
192.168.4.10,10.0.10.23,Within,512,0.000894,0.001233,0.000428,4108288,2191.373419,535.003276
192.168.4.10,10.0.10.101,Within,512,0.000625,0.001154,0.00048,4180480,2229.549796,544.323681
192.168.4.10,10.100.100.2,Neighbouring,512,0.000704,0.001001,0.000104,12409856,6619.027164,1615.973429
192.168.4.10,10.100.200.2,Neighbouring,512,0.000886,0.001174,0.000148,10228736,5457.852853,1332.483607
192.168.4.10,192.168.3.10,Within,512,0.000555,0.000418,7.10E-05,15524352,8282.128548,2022.00404
192.168.4.10,10.0.10.22,Within,512,0.000406,0.000681,6.90E-05,19618304,10463.35008,2554.528827
192.168.4.10,10.0.10.23,Within,512,0.000518,0.000504,6.40E-05,15825408,8440.254174,2060.608929
192.168.4.10,10.0.10.101,Within,512,0.00036,0.00098,0.00014,11473920,6118.137967,1493.686027
192.168.4.10,10.100.100.2,Neighbouring,1024,0.002732,0.003112,0.002228,1301504,694.138891,84.733751
192.168.4.10,10.100.200.2,Neighbouring,1024,0.002937,0.003307,0.002108,1321984,705.477893,86.117907
192.168.4.10,192.168.3.10,Within,1024,0.001794,0.002524,0.001519,1295360,691.107742,84.363738
192.168.4.10,10.0.10.22,Within,1024,0.001513,0.00206,0.001329,1307648,697.683805,85.16648
192.168.4.10,10.0.10.23,Within,1024,0.001613,0.002538,0.001334,1319936,704.383989,85.984374
192.168.4.10,10.0.10.101,Within,1024,0.001008,0.002073,0.00103,1327104,707.923872,86.416488
192.168.4.10,10.100.100.2,Neighbouring,1024,0.001027,0.001353,0.000415,8594432,4584.378,559.616455
192.168.4.10,10.100.200.2,Neighbouring,1024,0.00123,0.001596,0.000512,8954880,4775.988536,583.006413
192.168.4.10,192.168.3.10,Within,1024,0.000847,0.001225,0.000391,8226816,4387.876533,535.62946
192.168.4.10,10.0.10.22,Within,1024,0.000685,0.001151,0.000369,8226816,4386.743521,535.491152
192.168.4.10,10.0.10.23,Within,1024,0.000872,0.001213,0.000424,8147968,4346.075199,530.526758
192.168.4.10,10.0.10.101,Within,1024,0.000614,0.001125,0.000475,8269824,4411.017431,538.454276
192.168.4.10,10.100.100.2,Neighbouring,1024,0.000707,0.000667,9.60E-05,24848384,13252.50416,1617.737324
192.168.4.10,10.100.200.2,Neighbouring,1024,0.000864,0.00129,0.000152,20378624,10877.10536,1327.771651
192.168.4.10,192.168.3.10,Within,1024,0.000527,0.000318,5.70E-05,31707136,16912.88995,2064.561761
192.168.4.10,10.0.10.22,Within,1024,0.000364,0.000253,2.90E-05,42023936,22413.03183,2735.9658
192.168.4.10,10.0.10.23,Within,1024,0.00056,0.000633,7.50E-05,31122432,16599.15383,2026.263895
192.168.4.10,10.0.10.101,Within,1024,0.00032,0.000525,6.90E-05,26913792,14354.64061,1752.275465
192.168.4.10,192.168.1.22,Within,512,0.001714,0.003114,0.001433,649728,346.783468,84.663933
192.168.4.10,192.168.1.23,Within,512,0.002032,0.002639,0.001528,673792,359.400467,87.744255
192.168.4.10,192.168.1.101,Within,512,0.00155,0.002373,0.001403,654848,349.338553,85.287733
192.168.4.10,192.168.1.22,Within,512,0.000835,0.001217,0.000383,4107776,2191.590274,535.056219
192.168.4.10,192.168.1.23,Within,512,0.00101,0.001378,0.000432,4196352,2241.303693,547.193284
192.168.4.10,192.168.1.101,Within,512,0.000728,0.001088,0.000405,4216832,2248.922043,549.053233
192.168.4.10,192.168.1.22,Within,512,0.000539,0.000334,6.30E-05,15714304,8383.892583,2046.848775
192.168.4.10,192.168.1.23,Within,512,0.000699,0.002466,0.000111,12313088,6567.281048,1603.3401
192.168.4.10,192.168.1.101,Within,512,0.000391,0.000548,4.50E-05,20231680,10803.1326,2637.483544
192.168.4.10,192.168.1.22,Within,1024,0.002031,0.002745,0.001628,1287168,687.604666,83.936116
192.168.4.10,192.168.1.23,Within,1024,0.002497,0.002886,0.001957,1318912,703.651469,85.894955
192.168.4.10,192.168.1.101,Within,1024,0.001493,0.00268,0.001463,1317888,703.318379,85.854294
192.168.4.10,192.168.1.22,Within,1024,0.000824,0.001059,0.000366,8308736,4432.73459,541.105297
192.168.4.10,192.168.1.23,Within,1024,0.000989,0.001125,0.000404,8515584,4541.832226,554.422879
192.168.4.10,192.168.1.101,Within,1024,0.000708,0.001198,0.000372,8125440,4333.97077,529.049166
192.168.4.10,192.168.1.22,Within,1024,0.000563,0.000989,8.30E-05,30502912,16268.98221,1985.959742
192.168.4.10,192.168.1.23,Within,1024,0.000756,0.00096,0.000142,23983104,12796.02702,1562.015017
192.168.4.10,192.168.1.101,Within,1024,0.00038,0.001299,4.70E-05,40796160,21759.35766,2656.171589
10.100.100.2,10.100.200.2,,512,0.002436,0.004125,0.002239,636928,339.732417,82.942485
10.100.100.2,192.168.3.10,,512,0.002328,0.002619,0.001947,683008,364.376675,88.959149
10.100.100.2,192.168.4.10,,512,0.002326,0.002635,0.001895,663552,353.951103,86.413843
10.100.100.2,10.0.10.22,,512,0.001975,0.003469,0.001898,655360,349.850531,85.412727
10.100.100.2,10.0.10.23,,512,0.002045,0.002979,0.001621,668672,357.113908,87.186013
10.100.100.2,10.0.10.101,,512,0.00235,0.002759,0.002022,670208,357.659101,87.319116
10.100.100.2,10.100.200.2,,512,0.001034,0.003343,0.00048,4360192,2325.46984,567.74166
10.100.100.2,192.168.3.10,,512,0.000947,0.000931,0.000364,4486144,2392.842877,584.190156
10.100.100.2,192.168.4.10,,512,0.000906,0.000914,0.000315,4506624,2403.775902,586.859351
10.100.100.2,10.0.10.22,,512,0.000757,0.000834,0.000308,4359168,2325.704062,567.798843
10.100.100.2,10.0.10.23,,512,0.001036,0.001305,0.000465,4278784,2282.348009,557.213869
10.100.100.2,10.0.10.101,,512,0.001029,0.001309,0.000454,4258304,2271.279743,554.511656
10.100.100.2,10.100.200.2,,512,0.000722,0.000719,0.000128,12007936,6406.751668,1564.148356
10.100.100.2,192.168.3.10,,512,0.000726,0.000963,0.000116,12169728,6491.696597,1584.886865
10.100.100.2,192.168.4.10,,512,0.000714,0.000743,0.000115,12238336,6530.374238,1594.329648
10.100.100.2,10.0.10.22,,512,0.000546,0.00081,7.60E-05,15504896,8269.844627,2019.005036
10.100.100.2,10.0.10.23,,512,0.000709,0.000716,0.000104,12476416,6655.131171,1624.787883
10.100.100.2,10.0.10.101,,512,0.000713,0.000778,0.000107,12190720,6504.909509,1588.112673
10.100.100.2,10.100.100.2,,1024,0.0001,0.000255,6.60E-05,1354752,722.975801,88.253882
10.100.100.2,10.100.200.2,,1024,0.002057,0.00326,0.001657,1276928,681.102189,83.142357
10.100.100.2,192.168.3.10,,1024,0.002427,0.002747,0.001768,1329152,708.90153,86.535831
10.100.100.2,192.168.4.10,,1024,0.002498,0.003173,0.001973,1328128,708.689845,86.509991
10.100.100.2,10.0.10.22,,1024,0.002194,0.003461,0.001945,1274880,680.285304,83.04264
10.100.100.2,10.0.10.23,,1024,0.002784,0.022586,0.002867,1239040,661.042739,80.693694
10.100.100.2,10.0.10.101,,1024,0.002177,0.003589,0.001672,1309696,699.082815,85.337258
10.100.100.2,10.100.100.2,,1024,8.40E-05,0.00019,4.80E-05,7892992,4210.269096,513.948864
10.100.100.2,10.100.200.2,,1024,0.000996,0.001473,0.000431,8496128,4533.035244,553.349029
10.100.100.2,192.168.3.10,,1024,0.000997,0.001201,0.00041,8550400,4561.165705,556.782923
10.100.100.2,192.168.4.10,,1024,0.000975,0.001386,0.000407,8453120,4508.556395,550.360888
10.100.100.2,10.0.10.22,,1024,0.000807,0.001144,0.000358,8320000,4436.534461,541.569148
10.100.100.2,10.0.10.23,,1024,0.000938,0.001047,0.000375,8589312,4582.636313,559.403847
10.100.100.2,10.0.10.101,,1024,0.00097,0.001232,0.00039,8542208,4556.448148,556.207049
10.100.100.2,10.100.100.2,,1024,8.60E-05,0.000142,4.50E-05,14199808,7573.272839,924.471782
10.100.100.2,10.100.200.2,,1024,0.000683,0.000735,9.60E-05,24929280,13295.77998,1623.020017
10.100.100.2,192.168.3.10,,1024,0.000694,0.000674,0.0001,24830976,13242.0934,1616.46648
10.100.100.2,192.168.4.10,,1024,0.00069,0.000714,9.50E-05,24877056,13268.44166,1619.68282
10.100.100.2,10.0.10.22,,1024,0.000566,0.000352,7.80E-05,30651392,16347.33823,1995.524686
10.100.100.2,10.0.10.23,,1024,0.000698,0.000514,0.000103,24562688,13104.1713,1599.630285
10.100.100.2,10.0.10.101,,1024,0.000705,0.000886,0.000111,24466432,13050.56036,1593.085982
10.0.10.22,10.100.100.2,,512,0.002073,0.003174,0.00184,647680,345.507579,84.352436
10.0.10.22,10.100.200.2,,512,0.002346,0.003176,0.001881,663552,354.313151,86.502234
10.0.10.22,192.168.3.10,,512,0.001576,0.003704,0.00165,639488,340.910084,83.230001
10.0.10.22,192.168.4.10,,512,0.001706,0.003081,0.001818,631808,337.168074,82.316424
10.0.10.22,10.0.10.22,,512,0.000143,0.000252,0.000102,631808,337.181434,82.319686
10.0.10.22,10.0.10.23,,512,0.00198,0.003569,0.002235,632320,337.454294,82.386302
10.0.10.22,10.0.10.101,,512,0.0017,0.003047,0.001719,660992,353.053351,86.194666
10.0.10.22,10.100.100.2,,512,0.001457,0.002713,0.000929,3729408,1990.265364,485.90463
10.0.10.22,10.100.200.2,,512,0.001466,0.00239,0.000767,3880960,2070.374383,505.462496
10.0.10.22,192.168.3.10,,512,0.00094,0.002004,0.000677,3841536,2048.860041,500.209971
10.0.10.22,192.168.4.10,,512,0.000931,0.001683,0.00064,3965952,2115.305972,516.432122
10.0.10.22,10.0.10.22,,512,0.000122,0.000221,7.40E-05,3981312,2123.384803,518.404493
10.0.10.22,10.0.10.23,,512,0.000892,0.001865,0.000598,3968512,2116.644013,516.758792
10.0.10.22,10.0.10.101,,512,0.000769,0.001205,0.000462,4159488,2218.900989,541.723874
10.0.10.22,10.100.100.2,,512,0.000562,0.000396,7.90E-05,15435264,8235.040083,2010.507833
10.0.10.22,10.100.200.2,,512,0.000755,0.001058,0.000135,11879424,6336.196316,1546.922929
10.0.10.22,192.168.3.10,,512,0.000387,0.000379,4.40E-05,19927040,10630.7653,2595.401684
10.0.10.22,192.168.4.10,,512,0.000422,0.000321,6.10E-05,19324928,10307.45218,2516.467816
10.0.10.22,10.0.10.22,,512,8.30E-05,0.000132,4.40E-05,7160320,3820.272228,932.683649
10.0.10.22,10.0.10.23,,512,0.000398,0.000314,4.90E-05,19798528,10559.27055,2577.946911
10.0.10.22,10.0.10.101,,512,0.000393,0.000392,5.20E-05,19758080,10541.02985,2573.493616
10.0.10.22,10.100.100.2,,1024,0.002113,0.00336,0.001897,1282048,684.379072,83.542367
10.0.10.22,10.100.200.2,,1024,0.001732,0.002336,0.00133,1310720,699.41035,85.37724
10.0.10.22,192.168.3.10,,1024,0.001444,0.003433,0.001385,1276928,681.500228,83.190946
10.0.10.22,192.168.4.10,,1024,0.001653,0.002314,0.00157,1292288,689.547066,84.173226
10.0.10.22,10.0.10.22,,1024,6.30E-05,0.000115,3.90E-05,1331200,710.487869,86.729476
10.0.10.22,10.0.10.23,,1024,0.001703,0.004176,0.001649,1266688,675.562294,82.4661
10.0.10.22,10.0.10.101,,1024,0.001478,0.003022,0.001406,1268736,676.601554,82.592963
10.0.10.22,10.100.100.2,,1024,0.000819,0.001546,0.000358,8121344,4331.771882,528.780747
10.0.10.22,10.100.200.2,,1024,0.000992,0.001716,0.000385,8245248,4399.102359,536.9998
10.0.10.22,192.168.3.10,,1024,0.000671,0.000996,0.000342,8505344,4537.798923,553.930533
10.0.10.22,192.168.4.10,,1024,0.000709,0.001473,0.000383,8374272,4465.654995,545.123901
10.0.10.22,10.0.10.22,,1024,0.0001,0.000195,5.90E-05,7800832,4160.640948,507.890741
10.0.10.22,10.0.10.23,,1024,0.000731,0.001305,0.000435,8237056,4394.966152,536.494892
10.0.10.22,10.0.10.101,,1024,0.000729,0.00442,0.00048,8169472,4358.874905,532.089222
10.0.10.22,10.100.100.2,,1024,0.00055,0.000414,6.80E-05,31156224,16617.08484,2028.45274
10.0.10.22,10.100.200.2,,1024,0.000736,0.000572,0.000105,23988224,12794.45302,1561.822878
10.0.10.22,192.168.3.10,,1024,0.000433,0.000464,6.40E-05,39158784,20887.23165,2549.710895
10.0.10.22,192.168.4.10,,1024,0.000398,0.000289,5.10E-05,40090624,21388.73582,2610.929666
10.0.10.22,10.0.10.22,,1024,6.60E-05,0.000117,3.40E-05,15355904,8189.97053,999.752262
10.0.10.22,10.0.10.23,,1024,0.000437,0.000518,6.40E-05,38162432,20355.21317,2484.767233
10.0.10.22,10.0.10.101,,1024,0.000387,0.000109,4.50E-05,40425472,21572.09769,2633.312706
10.0.10.22,192.168.1.22,,512,0.001568,0.002329,0.001377,665600,355.187774,86.715765
10.0.10.22,192.168.1.23,,512,0.00237,0.003371,0.001984,653312,348.535071,85.09157
10.0.10.22,192.168.1.101,,512,0.001319,0.002782,0.001428,636416,339.651698,82.922778
10.0.10.22,192.168.1.22,,512,0.000669,0.001118,0.000337,4338688,2314.270566,565.007462
10.0.10.22,192.168.1.23,,512,0.000746,0.00101,0.00028,4268544,2277.499989,556.030271
10.0.10.22,192.168.1.101,,512,0.000648,0.001543,0.000501,4211712,2246.785179,548.531538
10.0.10.22,192.168.1.22,,512,0.0004,0.000296,4.30E-05,20366848,10862.69478,2652.025093
10.0.10.22,192.168.1.23,,512,0.000541,0.000469,7.50E-05,15507968,8271.209067,2019.338151
10.0.10.22,192.168.1.101,,512,0.000335,0.000637,0.000102,12804608,6828.703163,1667.163858
10.0.10.22,192.168.1.22,,1024,0.001626,0.005688,0.001771,1274880,680.024902,83.010852
10.0.10.22,192.168.1.23,,1024,0.001942,0.003206,0.001717,1292288,689.633633,84.183793
10.0.10.22,192.168.1.101,,1024,0.000878,0.001375,0.000776,1312768,700.457205,85.50503
10.0.10.22,192.168.1.22,,1024,0.000658,0.000951,0.000344,8423424,4492.63956,548.417915
10.0.10.22,192.168.1.23,,1024,0.000762,0.000972,0.000317,8359936,4460.756746,544.52597
10.0.10.22,192.168.1.101,,1024,0.000612,0.001299,0.000455,8334336,4446.639872,542.802719
10.0.10.22,192.168.1.22,,1024,0.000389,0.000304,3.80E-05,40749056,21733.68762,2653.03804
10.0.10.22,192.168.1.23,,1024,0.00053,0.000379,6.30E-05,31590400,16854.04034,2057.377971
10.0.10.22,192.168.1.101,,1024,0.000316,0.000613,7.20E-05,26287104,14020.27203,1711.458988
10.0.10.23,10.100.100.2,,512,0.003271,0.004297,0.002783,626176,334.25528,81.605293
10.0.10.23,10.100.200.2,,512,0.002501,0.003326,0.002183,641536,342.337373,83.57846
10.0.10.23,192.168.3.10,,512,0.001227,0.004187,0.001429,628736,335.282861,81.856167
10.0.10.23,192.168.4.10,,512,0.002873,0.003916,0.002747,643584,343.69465,83.909827
10.0.10.23,10.0.10.22,,512,0.002117,0.003617,0.001982,651776,347.548643,84.850743
10.0.10.23,10.0.10.23,,512,5.70E-05,0.000107,3.30E-05,670208,357.559544,87.294811
10.0.10.23,10.0.10.101,,512,0.000609,0.000208,9.50E-05,749056,399.543733,97.544857
10.0.10.23,10.100.100.2,,512,0.000738,0.000177,0.0001,6413312,3420.578783,835.102242
10.0.10.23,10.100.200.2,,512,0.000612,0.000188,0.000103,6422528,3426.123484,836.455929
10.0.10.23,192.168.3.10,,512,0.000335,0.00018,7.40E-05,6284288,3351.910095,818.337426
10.0.10.23,192.168.4.10,,512,0.000623,0.000272,0.000103,6388736,3407.670496,831.950805
10.0.10.23,10.0.10.22,,512,0.00047,0.000156,8.00E-05,6356992,3390.840612,827.841946
10.0.10.23,10.0.10.23,,512,2.50E-05,0.00012,1.50E-05,6104576,3255.876752,794.891785
10.0.10.23,10.0.10.101,,512,0.000616,0.000203,0.000106,6384640,3405.590644,831.443028
10.0.10.23,10.100.100.2,,512,0.000946,0.000336,0.000262,12436480,6633.137794,1619.418407
10.0.10.23,10.100.200.2,,512,0.000724,0.000274,0.000182,13818880,7370.379381,1799.409028
10.0.10.23,192.168.3.10,,512,0.000347,0.000186,7.00E-05,14714880,7848.068894,1916.032445
10.0.10.23,192.168.4.10,,512,0.000719,0.00026,0.000182,13819904,7370.762882,1799.502657
10.0.10.23,10.0.10.22,,512,0.000514,0.000227,9.50E-05,15900160,8480.27303,2070.379158
10.0.10.23,10.0.10.23,,512,1.40E-05,1.50E-05,4.00E-06,14553088,7761.775779,1894.96479
10.0.10.23,10.0.10.101,,512,0.000725,0.000262,0.000187,13910528,7419.238606,1811.33755
10.0.10.23,10.100.100.2,,1024,0.000752,0.000199,0.000116,1492992,796.595589,97.240673
10.0.10.23,10.100.200.2,,1024,0.000611,0.000302,0.000119,1498112,799.081179,97.544089
10.0.10.23,192.168.3.10,,1024,0.00032,0.000185,8.40E-05,1496064,798.204224,97.437039
10.0.10.23,192.168.4.10,,1024,0.000609,0.000236,0.000114,1496064,798.312729,97.450284
10.0.10.23,10.0.10.22,,1024,0.000457,9.80E-05,8.60E-05,1496064,798.414393,97.462695
10.0.10.23,10.0.10.23,,1024,3.00E-05,1.60E-05,9.00E-06,1502208,801.18652,97.801089
10.0.10.23,10.0.10.101,,1024,0.000634,0.00033,0.000142,1495040,797.359663,97.333943
10.0.10.23,10.100.100.2,,1024,0.000759,0.000193,0.00011,12803072,6828.733456,833.585627
10.0.10.23,10.100.200.2,,1024,0.000616,0.000196,9.90E-05,12770304,6811.289243,831.456206
10.0.10.23,192.168.3.10,,1024,0.000327,0.000145,7.00E-05,12529664,6682.755668,815.766073
10.0.10.23,192.168.4.10,,1024,0.000604,0.000183,0.000101,12762112,6806.827302,830.911536
10.0.10.23,10.0.10.22,,1024,0.000458,0.000145,8.50E-05,12752896,6802.032919,830.326284
10.0.10.23,10.0.10.23,,1024,1.30E-05,1.70E-05,4.00E-06,12694528,6770.506561,826.477852
10.0.10.23,10.0.10.101,,1024,0.00061,0.0002,0.000104,12772352,6811.916071,831.532724
10.0.10.23,10.100.100.2,,1024,0.000929,0.000313,0.000256,25243648,13463.01955,1643.435003
10.0.10.23,10.100.200.2,,1024,0.000717,0.000301,0.000179,27973632,14919.87714,1821.274065
10.0.10.23,192.168.3.10,,1024,0.000333,0.000143,6.40E-05,29879296,15935.7499,1945.28197
10.0.10.23,192.168.4.10,,1024,0.000715,0.00028,0.00018,27969536,14917.3693,1820.967932
10.0.10.23,10.0.10.22,,1024,0.000505,0.000179,9.70E-05,32415744,17289.26703,2110.506229
10.0.10.23,10.0.10.23,,1024,1.20E-05,1.10E-05,3.00E-06,29357056,15657.10906,1911.268196
10.0.10.23,10.0.10.101,,1024,0.000721,0.000299,0.000182,28004352,14936.26977,1823.275119
10.0.10.23,192.168.1.22,,512,0.000636,0.000282,0.000125,748032,398.971838,97.405234
10.0.10.23,192.168.1.23,,512,0.000465,0.000159,9.40E-05,749056,399.688624,97.58023
10.0.10.23,192.168.1.101,,512,0.000471,0.000222,0.000101,748544,399.327585,97.492086
10.0.10.23,192.168.1.22,,512,0.000606,0.000197,0.000102,6381568,3403.527666,830.939371
10.0.10.23,192.168.1.23,,512,0.000467,0.000182,8.50E-05,6355456,3389.842071,827.598162
10.0.10.23,192.168.1.101,,512,0.000475,0.0002,9.10E-05,6309888,3365.42841,821.637795
10.0.10.23,192.168.1.22,,512,0.000723,0.000337,0.000189,13821440,7372.710637,1799.978183
10.0.10.23,192.168.1.23,,512,0.000507,0.000192,9.60E-05,16215552,8648.707232,2111.500789
10.0.10.23,192.168.1.101,,512,0.000505,0.000202,9.50E-05,16233472,8658.447435,2113.878768
10.0.10.23,192.168.1.22,,1024,0.000625,0.000233,0.000112,1500160,800.308086,97.693858
10.0.10.23,192.168.1.23,,1024,0.000468,0.00013,8.50E-05,1498112,799.141654,97.551471
10.0.10.23,192.168.1.101,,1024,0.000473,0.000228,0.000105,1500160,800.32351,97.695741
10.0.10.23,192.168.1.22,,1024,0.000619,0.000214,9.90E-05,12779520,6816.237041,832.060186
10.0.10.23,192.168.1.23,,1024,0.000463,0.000167,8.20E-05,12727296,6787.945956,828.606684
10.0.10.23,192.168.1.101,,1024,0.000469,0.00015,8.60E-05,12747776,6799.22726,829.983796
10.0.10.23,192.168.1.22,,1024,0.000718,0.000246,0.00018,28062720,14967.54535,1827.092938
10.0.10.23,192.168.1.23,,1024,0.000513,0.000214,9.80E-05,32322560,17238.86646,2104.353816
10.0.10.23,192.168.1.101,,1024,0.000504,0.000197,9.50E-05,32438272,17301.14761,2111.956495
10.0.10.101,10.100.100.2,,512,0.001,0.002052,0.000781,615936,328.554967,80.213615
10.0.10.101,10.100.200.2,,512,0.001212,0.002006,0.000875,635392,339.173052,82.805921
10.0.10.101,192.168.3.10,,512,0.000903,0.001429,0.000653,634880,338.619778,82.670844
10.0.10.101,192.168.4.10,,512,0.000713,0.001762,0.000614,646144,344.700514,84.155399
10.0.10.101,10.0.10.22,,512,0.000692,0.000956,0.000518,646656,344.929191,84.211228
10.0.10.101,10.0.10.23,,512,0.000836,0.000872,0.000544,659968,352.160234,85.97662
10.0.10.101,10.0.10.101,,512,0.00023,0.000418,0.000129,673792,359.454272,87.757391
10.0.10.101,10.100.100.2,,512,0.001191,0.002205,0.000631,4182016,2230.504296,544.556713
10.0.10.101,10.100.200.2,,512,0.00132,0.001813,0.000479,5073920,2706.49628,660.765693
10.0.10.101,192.168.3.10,,512,0.000979,0.001431,0.000571,3958272,2113.300747,515.942565
10.0.10.101,192.168.4.10,,512,0.000542,0.000886,0.00038,3948032,2105.867665,514.127848
10.0.10.101,10.0.10.22,,512,0.000676,0.000964,0.000445,4013568,2140.595573,522.606341
10.0.10.101,10.0.10.23,,512,0.000893,0.001213,0.000527,4064768,2168.047976,529.308588
10.0.10.101,10.0.10.101,,512,0.000359,0.000513,0.000233,3892224,2075.970715,506.828788
10.0.10.101,10.100.100.2,,512,0.001072,0.001147,0.000307,8924672,4760.834364,1162.313077
10.0.10.101,10.100.200.2,,512,0.001332,0.001842,0.00047,7502336,4001.245333,976.866536
10.0.10.101,192.168.3.10,,512,0.000801,0.000843,0.000204,11114496,5927.692472,1447.190545
10.0.10.101,192.168.4.10,,512,0.000403,0.000322,9.80E-05,17466368,9315.441602,2274.277735
10.0.10.101,10.0.10.22,,512,0.000584,0.000345,0.000108,14445056,7704.526038,1880.987802
10.0.10.101,10.0.10.23,,512,0.000777,0.000395,0.000137,11055104,5896.585373,1439.596038
10.0.10.101,10.0.10.101,,512,0.000232,0.00041,0.000131,8154624,4349.284735,1061.837094
10.0.10.101,10.100.100.2,,1024,0.000965,0.001882,0.000621,1296384,691.509541,84.412786
10.0.10.101,10.100.200.2,,1024,0.001218,0.001973,0.000693,1302528,695.091519,84.850039
10.0.10.101,192.168.3.10,,1024,0.000974,0.001843,0.000659,1288192,687.612411,83.937062
10.0.10.101,192.168.4.10,,1024,0.000694,0.001702,0.000594,1261568,673.225526,82.18085
10.0.10.101,10.0.10.22,,1024,0.000751,0.002196,0.00063,1291264,689.024295,84.109411
10.0.10.101,10.0.10.23,,1024,0.000804,0.000924,0.000471,1299456,693.097539,84.606633
10.0.10.101,10.0.10.101,,1024,0.000302,0.000467,0.000173,1306624,697.139273,85.100009
10.0.10.101,10.100.100.2,,1024,0.001136,0.002182,0.000706,7669760,4090.869482,499.373716
10.0.10.101,10.100.200.2,,1024,0.001343,0.002019,0.000672,8686592,4633.171844,565.572735
10.0.10.101,192.168.3.10,,1024,0.001027,0.001914,0.000651,7569408,4037.79501,492.894899
10.0.10.101,192.168.4.10,,1024,0.000595,0.001247,0.000441,7590912,4049.057047,494.269659
10.0.10.101,10.0.10.22,,1024,0.000693,0.00075,0.000432,7861248,4192.943732,511.833952
10.0.10.101,10.0.10.23,,1024,0.000945,0.001559,0.000572,8002560,4268.520888,521.059679
10.0.10.101,10.0.10.101,,1024,0.000307,0.000446,0.00019,7976960,4254.390579,519.334787
10.0.10.101,10.100.100.2,,1024,0.001071,0.001274,0.00031,17759232,9471.892869,1156.236922
10.0.10.101,10.100.200.2,,1024,0.001392,0.002567,0.00055,14621696,7799.521668,952.090047
10.0.10.101,192.168.3.10,,1024,0.000801,0.00337,0.000218,22776832,12148.18959,1482.9333
10.0.10.101,192.168.4.10,,1024,0.000401,0.000409,8.60E-05,36025344,19214.13678,2345.475681
10.0.10.101,10.0.10.22,,1024,0.000621,0.000638,0.00015,29249536,15601.43541,1904.472096
10.0.10.101,10.0.10.23,,1024,0.000809,0.000588,0.000161,23412736,12487.01647,1524.294002
10.0.10.101,10.0.10.101,,1024,0.000295,0.000465,0.000225,14675968,7827.372878,955.489853
10.0.10.101,192.168.1.22,,512,0.000853,0.000934,0.000516,663040,353.726885,86.359103
10.0.10.101,192.168.1.23,,512,0.001016,0.002538,0.000675,642048,342.553921,83.631328
10.0.10.101,192.168.1.101,,512,0.00067,0.000957,0.000438,665600,355.044657,86.680825
10.0.10.101,192.168.1.22,,512,0.000917,0.000978,0.000547,4052992,2162.137853,527.865687
10.0.10.101,192.168.1.23,,512,0.00107,0.001013,0.000506,4276736,2281.515562,557.010635
10.0.10.101,192.168.1.101,,512,0.000732,0.001246,0.000491,3959296,2112.086095,515.646019
10.0.10.101,192.168.1.22,,512,0.000818,0.000541,0.000166,11625472,6200.820969,1513.872307
10.0.10.101,192.168.1.23,,512,0.001037,0.001609,0.000272,8869376,4730.824926,1154.986554
10.0.10.101,192.168.1.101,,512,0.00057,0.000303,9.30E-05,14751744,7868.587193,1921.041795
10.0.10.101,192.168.1.22,,1024,0.001007,0.001591,0.000796,1132544,604.213069,73.756478
10.0.10.101,192.168.1.23,,1024,0.001121,0.00225,0.000872,1195008,637.4129,77.809192
10.0.10.101,192.168.1.101,,1024,0.000725,0.001431,0.000602,1210368,645.731499,78.824646
10.0.10.101,192.168.1.22,,1024,0.001206,0.00385,0.001023,6515712,3475.683377,424.277756
10.0.10.101,192.168.1.23,,1024,0.001478,0.00356,0.001146,6747136,3599.034703,439.335291
10.0.10.101,192.168.1.101,,1024,0.000883,0.002347,0.000802,6577152,3508.149077,428.240854
10.0.10.101,192.168.1.22,,1024,0.000914,0.001595,0.000403,19677184,10496.32449,1281.289611
10.0.10.101,192.168.1.23,,1024,0.001257,0.002104,0.000644,15820800,8437.847191,1030.010643
10.0.10.101,192.168.1.101,,1024,0.000633,0.00082,0.000178,27669504,14757.74175,1801.482148
192.168.1.22,192.168.3.10,,512,0.00102,0.001491,0.000777,646656,345.023878,84.234345
192.168.1.22,192.168.4.10,,512,0.001123,0.00238,0.001023,637440,340.162301,83.047437
192.168.1.22,10.0.10.22,,512,0.001061,0.002673,0.001131,632320,337.299689,82.348557
192.168.1.22,10.0.10.23,,512,0.001783,0.006887,0.001228,612864,327.125619,79.864653
192.168.1.22,10.0.10.101,,512,0.001192,0.002831,0.001126,638976,340.884852,83.223841
192.168.1.22,192.168.3.10,,512,0.001181,0.002529,0.000849,3575296,1907.397388,465.673191
192.168.1.22,192.168.4.10,,512,0.001112,0.001938,0.00082,3531264,1884.145204,459.996388
192.168.1.22,10.0.10.22,,512,0.000981,0.002197,0.000831,3220480,1717.797759,419.384219
192.168.1.22,10.0.10.23,,512,0.001226,0.002024,0.000922,3515904,1875.354714,457.850272
192.168.1.22,10.0.10.101,,512,0.001295,0.003014,0.00108,3218944,1715.572549,418.840954
192.168.1.22,192.168.3.10,,512,0.000904,0.001027,0.000362,9768960,5211.248747,1272.277526
192.168.1.22,192.168.4.10,,512,0.000943,0.001274,0.000438,9242624,4930.281987,1203.682126
192.168.1.22,10.0.10.22,,512,0.000625,0.000826,0.00017,14096896,7518.7716,1835.637598
192.168.1.22,10.0.10.23,,512,0.000955,0.001495,0.000482,9674240,5160.265845,1259.830529
192.168.1.22,10.0.10.101,,512,0.000842,0.000796,0.00021,11081216,5910.188329,1442.917073
192.168.1.22,192.168.3.10,,1024,0.000993,0.000941,0.000635,1299456,693.638712,84.672694
192.168.1.22,192.168.4.10,,1024,0.000913,0.00093,0.0006,1311744,700.786221,85.545193
192.168.1.22,10.0.10.22,,1024,0.000693,0.000736,0.000445,1333248,711.733348,86.881512
192.168.1.22,10.0.10.23,,1024,0.000883,0.001137,0.000628,1319936,704.131338,85.953532
192.168.1.22,10.0.10.101,,1024,0.000913,0.00133,0.000601,1309696,698.965198,85.3229
192.168.1.22,192.168.3.10,,1024,0.001137,0.002074,0.000799,7216128,3849.297553,469.884955
192.168.1.22,192.168.4.10,,1024,0.001153,0.002178,0.000789,7372800,3933.415809,480.153297
192.168.1.22,10.0.10.22,,1024,0.001103,0.002609,0.000995,6183936,3298.478305,402.646277
192.168.1.22,10.0.10.23,,1024,0.001314,0.00244,0.001118,6457344,3443.012435,420.289604
192.168.1.22,10.0.10.101,,1024,0.001262,0.002291,0.000983,6467584,3450.073668,421.151571
192.168.1.22,192.168.3.10,,1024,0.001028,0.001445,0.000489,18320384,9772.094281,1192.882603
192.168.1.22,192.168.4.10,,1024,0.000934,0.001332,0.000351,20002816,10669.86575,1302.473847
192.168.1.22,10.0.10.22,,1024,0.000665,0.000605,0.000202,26609664,14195.76722,1732.881741
192.168.1.22,10.0.10.23,,1024,0.000865,0.001107,0.000287,20087808,10713.70759,1307.825633
192.168.1.22,10.0.10.101,,1024,0.000899,0.000762,0.000284,19851264,10587.51444,1292.421196
192.168.1.22,192.168.1.22,,512,0.00024,0.000393,0.000127,689152,367.616134,89.750033
192.168.1.22,192.168.1.23,,512,0.000669,0.000685,0.000456,679936,362.91016,88.601113
192.168.1.22,192.168.1.101,,512,0.000725,0.000965,0.000523,668672,356.688629,87.082185
192.168.1.22,192.168.1.22,,512,0.000306,0.000514,0.000185,4075008,2173.414539,530.618784
192.168.1.22,192.168.1.23,,512,0.000759,0.000881,0.000451,4129280,2202.485589,537.716208
192.168.1.22,192.168.1.101,,512,0.000798,0.00084,0.000516,3987456,2127.913848,519.510217
192.168.1.22,192.168.1.22,,512,0.000262,0.000367,0.000177,8294912,4423.893786,1080.052194
192.168.1.22,192.168.1.23,,512,0.000682,0.000791,0.000216,13440512,7170.299393,1750.561375
192.168.1.22,192.168.1.101,,512,0.00066,0.000626,0.000194,13464576,7181.277157,1753.241493
192.168.1.22,192.168.1.22,,1024,0.000292,0.00045,0.000188,1353728,722.198089,88.158946
192.168.1.22,192.168.1.23,,1024,0.000753,0.000988,0.000544,1316864,702.910554,85.804511
192.168.1.22,192.168.1.101,,1024,0.000789,0.000967,0.000568,1318912,703.660479,85.896055
192.168.1.22,192.168.1.22,,1024,0.000324,0.000462,0.000225,7671808,4091.663121,499.470596
192.168.1.22,192.168.1.23,,1024,0.000747,0.001138,0.000518,7757824,4147.257164,506.256978
192.168.1.22,192.168.1.101,,1024,0.000779,0.000987,0.00053,7855104,4190.474133,511.532487
192.168.1.22,192.168.1.22,,1024,0.000296,0.000483,0.000221,13968384,7449.862412,909.407033
192.168.1.22,192.168.1.23,,1024,0.000617,0.000563,0.000161,29057024,15500.07305,1892.098761
192.168.1.22,192.168.1.101,,1024,0.000609,0.000312,0.00014,30456832,16244.95091,1983.026234
192.168.1.23,192.168.3.10,,512,0.001325,0.00252,0.001215,641536,342.30011,83.569363
192.168.1.23,192.168.4.10,,512,0.003028,0.005155,0.003054,608768,324.353168,79.187785
192.168.1.23,10.0.10.22,,512,0.002304,0.003566,0.002333,615424,328.374734,80.169613
192.168.1.23,10.0.10.23,,512,0.001666,0.003491,0.001681,619520,330.615957,80.716786
192.168.1.23,10.0.10.101,,512,0.002392,0.003617,0.001973,630784,336.583216,82.173637
192.168.1.23,192.168.3.10,,512,0.001221,0.002908,0.000993,3745792,2000.750857,488.464565
192.168.1.23,192.168.4.10,,512,0.002137,0.003234,0.001162,3720704,1981.139737,483.676694
192.168.1.23,10.0.10.22,,512,0.001614,0.002788,0.001022,3790336,2022.918597,493.876611
192.168.1.23,10.0.10.23,,512,0.001127,0.002439,0.000838,3854336,2055.801971,501.904778
192.168.1.23,10.0.10.101,,512,0.001609,0.002674,0.000718,4040192,2155.756403,526.307716
192.168.1.23,192.168.3.10,,512,0.000472,0.001108,8.90E-05,18279424,9750.560221,2380.507867
192.168.1.23,192.168.4.10,,512,0.000793,0.000896,0.000137,11302400,6028.748892,1471.862523
192.168.1.23,10.0.10.22,,512,0.000626,0.000545,0.00011,14122496,7535.745644,1839.781651
192.168.1.23,10.0.10.23,,512,0.000457,0.000727,8.60E-05,18630656,9936.656578,2425.941547
192.168.1.23,10.0.10.101,,512,0.000755,0.001249,0.000136,11670528,6226.435947,1520.125964
192.168.1.23,192.168.3.10,,1024,0.001275,0.002278,0.001086,1334272,711.744165,86.882833
192.168.1.23,192.168.4.10,,1024,0.001864,0.003243,0.001338,1339392,714.840978,87.260862
192.168.1.23,10.0.10.22,,1024,0.001531,0.003297,0.001125,1345536,717.662068,87.605233
192.168.1.23,10.0.10.23,,1024,0.000994,0.001452,0.000769,1332224,710.755343,86.762127
192.168.1.23,10.0.10.101,,1024,0.001884,0.002123,0.001177,1356800,724.087428,88.389579
192.168.1.23,192.168.3.10,,1024,0.000632,0.000926,0.00029,8830976,4710.077752,574.960663
192.168.1.23,192.168.4.10,,1024,0.000911,0.001099,0.00033,8630272,4603.194412,561.91338
192.168.1.23,10.0.10.22,,1024,0.000765,0.00101,0.000306,8558592,4566.254867,557.404159
192.168.1.23,10.0.10.23,,1024,0.000628,0.000931,0.000297,8790016,4688.262637,572.297685
192.168.1.23,10.0.10.101,,1024,0.000894,0.000855,0.000306,8850432,4720.456982,576.227659
192.168.1.23,192.168.3.10,,1024,0.000385,0.000162,3.90E-05,40351744,21527.88077,2627.915133
192.168.1.23,192.168.4.10,,1024,0.000719,0.00049,9.40E-05,24045568,12828.349,1565.960571
192.168.1.23,10.0.10.22,,1024,0.000585,0.000644,9.10E-05,29810688,15910.39574,1942.18698
192.168.1.23,10.0.10.23,,1024,0.000434,0.000412,6.60E-05,38910976,20752.98817,2533.323751
192.168.1.23,10.0.10.101,,1024,0.000732,0.000618,0.000111,23599104,12586.15859,1536.396313
192.168.1.23,192.168.1.22,,512,0.001311,0.002309,0.001096,679936,362.797195,88.573534
192.168.1.23,192.168.1.23,,512,4.90E-05,0.000126,3.00E-05,699392,373.273419,91.131206
192.168.1.23,192.168.1.101,,512,0.001623,0.001966,0.001138,680960,363.504342,88.746177
192.168.1.23,192.168.1.22,,512,0.000603,0.000967,0.000267,4391424,2342.175557,571.820204
192.168.1.23,192.168.1.23,,512,7.80E-05,0.00013,4.10E-05,4362240,2326.681096,568.037377
192.168.1.23,192.168.1.101,,512,0.000754,0.000937,0.000273,4303360,2295.893233,560.520809
192.168.1.23,192.168.1.22,,512,0.000442,0.000319,6.90E-05,19025920,10147.83724,2477.499326
192.168.1.23,192.168.1.23,,512,7.10E-05,0.000107,3.60E-05,7970304,4250.914952,1037.821033
192.168.1.23,192.168.1.101,,512,0.000597,0.0007,0.000104,14417408,7692.092393,1877.952244
192.168.1.23,192.168.1.22,,1024,0.001275,0.002651,0.001139,1319936,704.411853,85.987775
192.168.1.23,192.168.1.23,,1024,3.40E-05,4.40E-05,1.60E-05,1409024,751.671093,91.756725
192.168.1.23,192.168.1.101,,1024,0.001752,0.002212,0.001299,1349632,720.166073,87.910898
192.168.1.23,192.168.1.22,,1024,0.000608,0.0008,0.000279,8473600,4519.531134,551.700578
192.168.1.23,192.168.1.23,,1024,9.40E-05,0.000153,5.40E-05,7795712,4159.437015,507.743776
192.168.1.23,192.168.1.101,,1024,0.000987,0.001414,0.000463,8270848,4411.899251,538.56192
192.168.1.23,192.168.1.22,,1024,0.000414,0.000337,5.90E-05,39609344,21125.42147,2578.7868
192.168.1.23,192.168.1.23,,1024,8.50E-05,0.00012,4.70E-05,15629312,8337.550703,1017.76742
192.168.1.23,192.168.1.101,,1024,0.000566,0.000384,8.60E-05,29687808,15834.06235,1932.868939
192.168.1.101,192.168.3.10,,512,0.001288,0.001915,0.000962,685056,365.443159,89.219521
192.168.1.101,192.168.4.10,,512,0.00129,0.002131,0.001025,679936,362.828025,88.581061
192.168.1.101,10.0.10.22,,512,0.000936,0.001336,0.000824,681472,363.522984,88.750728
192.168.1.101,10.0.10.23,,512,0.001341,0.001643,0.001029,674816,360.047758,87.902285
192.168.1.101,10.0.10.101,,512,0.001267,0.001725,0.001009,673280,359.124301,87.676831
192.168.1.101,192.168.3.10,,512,0.000617,0.000921,0.000278,4349952,2320.213691,566.458421
192.168.1.101,192.168.4.10,,512,0.000576,0.000735,0.000243,4336640,2313.01792,564.701641
192.168.1.101,10.0.10.22,,512,0.000474,0.000762,0.000272,4462080,2380.099217,581.078911
192.168.1.101,10.0.10.23,,512,0.000611,0.000743,0.000265,4358656,2325.052403,567.639747
192.168.1.101,10.0.10.101,,512,0.000644,0.000819,0.000294,4339712,2315.290078,565.256367
192.168.1.101,192.168.3.10,,512,0.000369,0.000263,0.000033,20916736,11157.33085,2723.957726
192.168.1.101,192.168.4.10,,512,0.00039,0.000248,0.000047,20343296,10850.50583,2649.049274
192.168.1.101,10.0.10.22,,512,0.000297,0.000266,0.000056,13552640,7228.124782,1764.678902
192.168.1.101,10.0.10.23,,512,0.000396,0.000234,0.00005,20166144,10755.70846,2625.905386
192.168.1.101,10.0.10.101,,512,0.000405,0.000753,0.000064,19725312,10521.85761,2568.812894
192.168.1.101,192.168.3.10,,1024,0.001428,0.002346,0.001246,1325056,707.159817,86.32322
192.168.1.101,192.168.4.10,,1024,0.001339,0.001876,0.001021,1349632,720.287142,87.925677
192.168.1.101,10.0.10.22,,1024,0.001008,0.003593,0.001014,1315840,702.568444,85.76275
192.168.1.101,10.0.10.23,,1024,0.001189,0.00155,0.000923,1343488,716.418515,87.453432
192.168.1.101,10.0.10.101,,1024,0.001147,0.001526,0.000832,1362944,727.500162,88.806172
192.168.1.101,192.168.3.10,,1024,0.000603,0.000944,0.000272,8699904,4640.242991,566.435912
192.168.1.101,192.168.4.10,,1024,0.0006,0.00088,0.00028,8658944,4618.968753,563.838959
192.168.1.101,10.0.10.22,,1024,0.000461,0.000835,0.000252,9118720,4865.146304,593.88993
192.168.1.101,10.0.10.23,,1024,0.000581,0.000775,0.000248,8817664,4703.701145,574.182269
192.168.1.101,10.0.10.101,,1024,0.000568,0.000698,0.000237,8830976,4710.237594,574.980175
192.168.1.101,192.168.3.10,,1024,0.000387,0.000213,0.000045,40786944,21754.69016,2655.601826
192.168.1.101,192.168.4.10,,1024,0.000408,0.000273,0.000058,39673856,21159.43501,2582.938844
192.168.1.101,10.0.10.22,,1024,0.000299,0.000409,0.000065,26863616,14327.78435,1748.997113
192.168.1.101,10.0.10.23,,1024,0.000407,0.000494,0.000059,39853056,21254.9462,2594.597924
192.168.1.101,10.0.10.101,,1024,0.000386,0.000489,0.000051,40413184,21554.967,2631.221558
192.168.1.101,192.168.1.22,,512,0.001238,0.002132,0.000975,665600,355.265242,86.734678
192.168.1.101,192.168.1.23,,512,0.001735,0.002234,0.001316,666112,355.382696,86.763353
192.168.1.101,192.168.1.101,,512,0.000052,0.000148,0.000034,680960,363.333544,88.704478
192.168.1.101,192.168.1.22,,512,0.000642,0.00105,0.000287,4301312,2294.353052,560.144788
192.168.1.101,192.168.1.23,,512,0.000727,0.000893,0.000281,4220928,2251.521093,549.687767
192.168.1.101,192.168.1.101,,512,0.000079,0.000159,0.000043,4340224,2314.912991,565.164304
192.168.1.101,192.168.1.22,,512,0.000414,0.000342,0.000057,20000256,10667.15593,2604.286115
192.168.1.101,192.168.1.23,,512,0.000575,0.000522,0.000097,14977536,7988.285476,1950.265009
192.168.1.101,192.168.1.101,,512,0.000066,0.000114,0.000032,8148480,4345.962041,1061.025889
192.168.1.101,192.168.1.22,,1024,0.001347,0.00252,0.00122,1320960,704.77709,86.03236
192.168.1.101,192.168.1.23,,1024,0.00148,0.001806,0.000979,1329152,708.398836,86.474467
192.168.1.101,192.168.1.101,,1024,0.000041,0.000058,0.000021,1340416,715.31801,87.319093
192.168.1.101,192.168.1.22,,1024,0.000582,0.000739,0.000249,8175616,4361.107427,532.361746
192.168.1.101,192.168.1.23,,1024,0.000768,0.001091,0.000325,8404992,4485.887155,547.593647
192.168.1.101,192.168.1.101,,1024,0.000093,0.000168,0.000051,8519680,4543.826607,554.666334
192.168.1.101,192.168.1.22,,1024,0.000396,0.000232,0.000051,40029184,21349.80337,2606.177169
192.168.1.101,192.168.1.23,,1024,0.000561,0.000601,0.000091,30201856,16113.31446,1966.957331
192.168.1.101,192.168.1.101,,1024,0.000087,0.000135,0.000045,16136192,8606.211188,1050.562889